name,id
蘋果日報,hk.nextmedia
蘋果日報即時新聞,apple.realtimenews
South China Morning Post,scmp
香港獨立媒體網,inmediahk
雅虎香港新聞,YahooHongKongNews
明報即時新聞,mingpaoinews
on.cc 東網／東方日報,onccnews
現場 － 蘋果突發,applecitycrime
有線新聞 i-Cable News,icablenews
果籽,AS.AppleDaily
時聞香港,HongKongGoodNews
爽報 Sharp Daily,sharpdailyhk
Stand News 立場新聞,standnewshk
晴報 Sky Post,Skyposthk
信報財經新聞 hkej.com,hongkongeconomicjournal
香港經濟日報 hket.com,hketpage
壹週刊,nextmagazinefansclub
頭條日報,headlinehk
am730,am730hk
謎米香港 memehk.com,memehkdotcom
明周娛樂 Ming Pao Weekly,mpwentertainment
Metro Daily Hong Kong《都市日報》,MetroHK
01新聞,hk01.news
星期日生活 Sunday Mingpao,SundayMingpao
HKG報 HKGpao,hkgpaocom
東網巨星,onccstars
新聞刺針,news.lancet
Hong Kong Free Press HKFP,hongkongfp
852郵報,post852
LinePost 線報,LinePost.hk
香港電台視像新聞 RTHK VNEWS,RTHKVNEWS
EJ Insight,ejinsight
StartupBeat,EJStartupBeat
信報財經月刊,ejmonthly
大紀元時報（香港）,hkepochfans
明周文化 Ming Pao Weekly,mpwculture
突發最前線,1672730629675861
香港輕新聞 LiteNews.hk,litenewshk
Lifestyle Journal 優雅生活,LifeStyleJournal
Lifestyle Journal 優雅生活,LifeStyleJournal
信報手筆 hkej.com,HKEJWriter
明報副刊,hkmingpaofeature
明報副刊,hkmingpaofeature
Mingpao Investigative Team (明報偵查報道),mingpaoinvest
信報通識 iknow.hkej.com,iknow.hkej
星島日報,%E6%98%9F%E5%B3%B6%E6%97%A5%E5%A0%B1-178766115480756
明報體育,mingpaosports
成報,140258793053890
商台新聞,crhknews
信報教育,edu.hkej
The Standard 英文虎報,thestandardhk
明報突發組,mpbreakingnewsgroup
港股360 stock360.hkej.com,stock360
東方日報,638924839545704
